{"0": {"1": [0.002128164580188196, 0.00732421875, 0.3148858143023837, 0.0013299640761190862, 0.00525897736063944, 0.0177154541015625, 0.14585764294049008, 0.0032250390995378314, 0.5878418, 0.004769659606303164, 0.6044, 0.0, 1.4062325168397938e-06], "2": [0.002029433963100043, 0.0075531005859375, 0.3459899981478051, 0.0012865379359157589, 0.00426341220793342, 0.0205078125, 0.24356362289312836, 0.0032271742477853944, 0.5960790740740741, 0.005347679929104084, 0.6175999999999999, 0.0, 1.7843743867526657e-06], "3": [0.004812456585924175, 0.01629638671875, 0.1500312565117733, 0.0027146265743094667, 0.002620978804585002, 0.01263427734375, 0.17816211710773078, 0.0022142130046097727, 0.9737463333333332, 0.008456826821502778, 1.0055999999999998, 0.0, 4.284292720672414e-07], "4": [0.003288393293733703, 0.0120849609375, 0.2182839094577996, 0.001892522517093399, 0.006623739508638536, 0.024169921875, 0.21266888927882086, 0.004546908635468114, 0.4644140350877193, 0.00591195751107905, 0.5671999999999999, 0.0, 5.204352203726982e-07], "5": [0.003974582803167046, 0.01190185546875, 0.18929431376180775, 0.0021560792451752937, 0.015274954840938857, 0.0413360595703125, 0.13502500463048714, 0.008656094595054242, 0.2837205925925926, 0.011517276154508253, 0.3273999999999999, 0.0, 2.2944983716296495e-06]}, "1": {"1": [0.01745991778366743, 0.13330078125, 0.1666919230186392, 0.012498507929444395, 0.008794508626081544, 0.0683441162109375, 0.2518563418699803, 0.006557225017506427, 0.6551165151515151, 0.1461447530029049, 1.5952000000000002, 0.00030307622367025305, -6.71839817994486e-06], "2": [0.01576872398048997, 0.11004638671875, 0.17624797260767705, 0.011874382612913703, 0.007355703497563003, 0.063262939453125, 0.2759055685709137, 0.005353108416775609, 0.664985945945946, 0.22564751043706982, 2.3568, 0.0007208506037123806, 3.0184467432070763e-05], "3": [0.016834862817464734, 0.10711669921875, 0.12385397566261043, 0.010210459675732673, 0.006991805896638525, 0.05291748046875, 0.23737289548258042, 0.005118249131484526, 0.7038323999999999, 0.09012218944433163, 1.2955999999999999, 0.0, 1.7932120498114455e-06], "4": [0.01624700006560064, 0.08184814453125, 0.13230391296718721, 0.010096274630523346, 0.006410319455413151, 0.03900146484375, 0.24232321459905246, 0.004563770456971738, 0.694470701754386, 0.07905537027731246, 1.1703999999999999, 0.0, 1.2355520070555934e-05], "5": [0.020006202433146783, 0.11279296875, 0.1737049068216789, 0.014510097131530179, 0.00870274334484326, 0.0604248046875, 0.2576508804923919, 0.006020127976422262, 0.7650033504273503, 0.18888218438624177, 2.2648, 0.00034193879295606086, -7.484701743981861e-07]}, "2": {"1": [0.03701667312138605, 0.48175048828125, 0.13714182735628042, 0.028527836988579556, 0.00962890534505662, 0.0972747802734375, 0.2526581366011894, 0.007592204871521871, -0.05535329729729731, 0.389147481076091, 1.12, 0.0016219138583528565, -0.00017734880190042993], "2": [0.05605906972012585, 0.728759765625, 0.15079500769362283, 0.04570180889395357, 0.022246936792071167, 0.2032470703125, 0.28363822875705247, 0.0181818341541995, -0.1621129230769231, 0.4012124197110927, 0.7678, 0.0020516327577363653, -0.00018692108787173123], "3": [0.04336534865689463, 0.39495849609375, 0.2081066853834006, 0.03180753348005212, 0.019210994245302326, 0.104644775390625, 0.2675908054044569, 0.013625052459912818, -0.08241263157894738, 0.33346391541823117, 1.7416, 0.0029829794700824705, -0.00014185053469919516], "4": [0.06487298554636435, 0.8785400390625, 0.19967561722832944, 0.05166313713613995, 0.013633174787322466, 0.128814697265625, 0.30762299513425845, 0.009650441229459253, -0.13143430630630631, 0.3800528622757343, 1.1568, 0.002342764462065237, -0.0001757656867122758], "5": [0.04605573833347097, 0.56634521484375, 0.21383160179872848, 0.03490825767448176, 0.022935690711269243, 0.1263427734375, 0.3056287796557606, 0.01751656809433346, -0.037762759689922494, 0.25814329874621555, 1.0832000000000002, 0.0021708792060784617, -0.00010479693645550052]}, "3": {"1": [0.06666059775795927, 0.36566162109375, 0.11758009432428038, 0.03798634625145099, 0.09589783278118581, 0.936767578125, 0.31566108310294355, 0.0724352171785137, -0.28372952845528454, 0.2879444621409897, 0.52, 0.0017889087656529517, -0.00010216214518629092], "2": [0.028400519040188962, 0.36090087890625, 0.11831082236279707, 0.01845200002389393, 0.06906328567307285, 0.3870391845703125, 0.34416139511027527, 0.050492947208441975, -0.2559360683760684, 0.28748525778615397, 0.5438000000000001, 0.001538724568302274, -0.0001163346319399635], "3": [0.026872172099736805, 0.25762939453125, 0.19161771709795206, 0.021019732851432105, 0.09220916129668498, 0.75457763671875, 0.33910144467375775, 0.07045219784614146, -0.3003303492063492, 0.3241576808540921, 0.696, 0.0014287982219399905, -0.00011106434030924326], "4": [0.03224804078389381, 0.36859130859375, 0.14737561976406224, 0.023877465471875494, 0.08250524718428286, 1.1531982421875, 0.32894511882373056, 0.06375121644479873, -0.27145336752136756, 0.29059513319336294, 1.4832, 0.0018806633612583347, -0.00011592650334266791], "5": [0.024408102937141216, 0.19610595703125, 0.1247592235886798, 0.015037408860519162, 0.06386941034280033, 0.44805908203125, 0.3390131871388354, 0.046133417352076656, -0.3375715851851852, 0.30169159148351743, 0.6961999999999999, 0.0010371906949177656, -9.453002551262363e-05]}}